[{"id":2895314823,"title":"Blog Template","order":1,"templateKey":"blog","customTemplate":false,"customTemplateFilename":null,"pageLinks":[],"dateCreated":"2024-01-05T14:35:58.414Z","dateUpdated":"2024-01-05T14:36:06.637Z","folderId":null,"pageName":"Blog Template","sectionCount":1,"status":2},{"id":2268806541,"title":"Post Template","order":2,"templateKey":"post","customTemplate":false,"customTemplateFilename":null,"pageLinks":[],"dateCreated":"2024-01-05T14:35:58.517Z","dateUpdated":"2024-01-05T14:36:06.637Z","folderId":null,"pageName":"Post Template","sectionCount":1,"status":2},{"id":222368515,"title":"Product List Template","order":3,"templateKey":"products","customTemplate":false,"customTemplateFilename":null,"pageLinks":[],"dateCreated":"2024-01-05T14:35:58.641Z","dateUpdated":"2024-01-05T14:36:06.637Z","folderId":null,"pageName":"Product List Template","sectionCount":1,"status":2},{"id":741825653,"title":"Product Details Template","order":4,"templateKey":"product","customTemplate":false,"customTemplateFilename":null,"pageLinks":[],"dateCreated":"2024-01-05T14:35:58.767Z","dateUpdated":"2024-01-05T14:36:06.637Z","folderId":null,"pageName":"Product Details Template","sectionCount":1,"status":2},{"id":279653356,"title":"Shopping Cart Template","order":5,"templateKey":"cart","customTemplate":false,"customTemplateFilename":null,"pageLinks":[],"dateCreated":"2024-01-05T14:35:58.885Z","dateUpdated":"2024-01-05T14:36:06.637Z","folderId":null,"pageName":"Shopping Cart Template","sectionCount":1,"status":2},{"id":596511005,"title":"Login Template","order":7,"templateKey":"login","customTemplate":false,"customTemplateFilename":null,"pageLinks":[],"dateCreated":"2024-01-05T14:35:59.081Z","dateUpdated":"2024-01-05T14:36:06.637Z","folderId":null,"pageName":"Login Template","sectionCount":1,"status":2},{"id":83678251,"title":"Password Template","order":8,"templateKey":"password","customTemplate":false,"customTemplateFilename":null,"pageLinks":[],"dateCreated":"2024-01-05T14:35:59.161Z","dateUpdated":"2024-01-05T14:36:06.637Z","folderId":null,"pageName":"Password Template","sectionCount":1,"status":2},{"id":74624101,"title":"404 Not Found Template","order":9,"templateKey":"404","customTemplate":false,"customTemplateFilename":null,"pageLinks":[],"dateCreated":"2024-01-05T14:35:59.229Z","dateUpdated":"2024-01-05T14:36:06.637Z","folderId":null,"pageName":"404 Not Found Template","sectionCount":1,"status":2},{"id":94826675,"title":"Thank You Template","order":10,"templateKey":"ThankYou","customTemplate":false,"customTemplateFilename":null,"pageLinks":[],"dateCreated":"2024-01-05T14:35:59.290Z","dateUpdated":"2024-01-05T14:36:06.637Z","folderId":null,"pageName":"Thank You Template","sectionCount":1,"status":2},{"id":32223500,"title":"Casa","order":50,"templateKey":null,"customTemplate":false,"customTemplateFilename":null,"pageLinks":[],"dateCreated":"2024-01-05T14:36:27.241Z","dateUpdated":"2024-01-06T17:12:41.941Z","folderId":null,"pageName":"Casa_32223500","sectionCount":7,"status":2}]